[
   {
      "연도":1968,
      "동해":15.9,
      "남해":17.9,
      "서해":14.4
   },
   {
      "연도":1969,
      "동해":15.8,
      "남해":18,
      "서해":14.3
   },
   {
      "연도":1970,
      "동해":16.3,
      "남해":18,
      "서해":13.9
   },
   {
      "연도":1971,
      "동해":15.6,
      "남해":18.5,
      "서해":14
   },
   {
      "연도":1972,
      "동해":15.8,
      "남해":18.7,
      "서해":15.2
   },
   {
      "연도":1973,
      "동해":16.3,
      "남해":18.3,
      "서해":15.1
   },
   {
      "연도":1974,
      "동해":15.2,
      "남해":18.3,
      "서해":14.5
   },
   {
      "연도":1975,
      "동해":16.9,
      "남해":19.1,
      "서해":14.6
   },
   {
      "연도":1976,
      "동해":16.7,
      "남해":17.7,
      "서해":14.4
   },
   {
      "연도":1977,
      "동해":15.7,
      "남해":17.6,
      "서해":14.3
   },
   {
      "연도":1978,
      "동해":17,
      "남해":18.9,
      "서해":15.4
   },
   {
      "연도":1979,
      "동해":17.4,
      "남해":19.2,
      "서해":15.4
   },
   {
      "연도":1980,
      "동해":16,
      "남해":17.9,
      "서해":13.9
   },
   {
      "연도":1981,
      "동해":15,
      "남해":18.3,
      "서해":14.2
   },
   {
      "연도":1982,
      "동해":17.2,
      "남해":18.9,
      "서해":15.3
   },
   {
      "연도":1983,
      "동해":16.5,
      "남해":19.1,
      "서해":15.2
   },
   {
      "연도":1984,
      "동해":16,
      "남해":17.8,
      "서해":14.6
   },
   {
      "연도":1985,
      "동해":16.8,
      "남해":18.3,
      "서해":14.7
   },
   {
      "연도":1986,
      "동해":15.9,
      "남해":18.2,
      "서해":14.5
   },
   {
      "연도":1987,
      "동해":16.3,
      "남해":18.4,
      "서해":14.3
   },
   {
      "연도":1988,
      "동해":17.2,
      "남해":18.9,
      "서해":14.7
   },
   {
      "연도":1989,
      "동해":17.4,
      "남해":18,
      "서해":14.4
   },
   {
      "연도":1990,
      "동해":18,
      "남해":19.2,
      "서해":14.6
   },
   {
      "연도":1991,
      "동해":16.5,
      "남해":18.2,
      "서해":15
   },
   {
      "연도":1992,
      "동해":16.9,
      "남해":18.3,
      "서해":14.8
   },
   {
      "연도":1993,
      "동해":15.7,
      "남해":18.2,
      "서해":14.4
   },
   {
      "연도":1994,
      "동해":17,
      "남해":18.8,
      "서해":15.2
   },
   {
      "연도":1995,
      "동해":16.3,
      "남해":19.1,
      "서해":15.2
   },
   {
      "연도":1996,
      "동해":16,
      "남해":19.3,
      "서해":15.4
   },
   {
      "연도":1997,
      "동해":17,
      "남해":19.3,
      "서해":15.3
   },
   {
      "연도":1998,
      "동해":17.6,
      "남해":19.5,
      "서해":15.7
   },
   {
      "연도":1999,
      "동해":17.4,
      "남해":18.7,
      "서해":15.3
   },
   {
      "연도":2000,
      "동해":16.8,
      "남해":19,
      "서해":15.1
   },
   {
      "연도":2001,
      "동해":18,
      "남해":19.2,
      "서해":15.5
   },
   {
      "연도":2002,
      "동해":16.6,
      "남해":18.9,
      "서해":15.4
   },
   {
      "연도":2003,
      "동해":17,
      "남해":18.9,
      "서해":14.6
   },
   {
      "연도":2004,
      "동해":17.5,
      "남해":19.5,
      "서해":15.8
   },
   {
      "연도":2005,
      "동해":16.8,
      "남해":19.5,
      "서해":15.3
   },
   {
      "연도":2006,
      "동해":16.5,
      "남해":19.3,
      "서해":15.6
   },
   {
      "연도":2007,
      "동해":17.5,
      "남해":19.4,
      "서해":16
   },
   {
      "연도":2008,
      "동해":17.7,
      "남해":19.4,
      "서해":15.6
   },
   {
      "연도":2009,
      "동해":16.9,
      "남해":19.6,
      "서해":16.3
   },
   {
      "연도":2010,
      "동해":16.9,
      "남해":18.8,
      "서해":15.5
   },
   {
      "연도":2011,
      "동해":16.8,
      "남해":18.4,
      "서해":14.1
   },
   {
      "연도":2012,
      "동해":16.9,
      "남해":18.6,
      "서해":15.5
   },
   {
      "연도":2013,
      "동해":17.4,
      "남해":18.6,
      "서해":15.3
   },
   {
      "연도":2014,
      "동해":17.3,
      "남해":18.6,
      "서해":15.2
   },
   {
      "연도":2015,
      "동해":16.7,
      "남해":18.6,
      "서해":15.5
   },
   {
      "연도":2016,
      "동해":18.2,
      "남해":19.6,
      "서해":15.9
   },
   {
      "연도":2017,
      "동해":17.6,
      "남해":19.3,
      "서해":14.7
   },
   {
      "연도":2018,
      "동해":16.5,
      "남해":18.8,
      "서해":15.5
   },
   {
      "연도":2019,
      "동해":18.4,
      "남해":19.4,
      "서해":15.1
   },
   {
      "연도":2020,
      "동해":17.8,
      "남해":19.2,
      "서해":15.3
   },
   {
      "연도":2021,
      "동해":18.6,
      "남해":19.3,
      "서해":16.1
   }
]