[
   {
      "년":2014,
      "폭염일수":6.6,
      "평균기온":18.6
   },
   {
      "년":2015,
      "폭염일수":9.6,
      "평균기온":18.8
   },
   {
      "년":2016,
      "폭염일수":22,
      "평균기온":18.9
   },
   {
      "년":2017,
      "폭염일수":13.5,
      "평균기온":18.7
   },
   {
      "년":2018,
      "폭염일수":31,
      "평균기온":18.6
   },
   {
      "년":2019,
      "폭염일수":12.9,
      "평균기온":19
   },
   {
      "년":2020,
      "폭염일수":7.7,
      "평균기온":18.4
   },
   {
      "년":2021,
      "폭염일수":11.8,
      "평균기온":18.8
   },
   {
      "년":2022,
      "폭염일수":10.6,
      "평균기온":18.6
   },
   {
      "년":2023,
      "폭염일수":14.2,
      "평균기온":19.2
   }
]